,Date,Description
0,2018-08-29,"Indian Prime Minister Narendra Modi, with little more than six months left in his first term, is in danger of losing bragging rights that the nation’s economy has performed better under his administration than under the previous Congress party government."
1,2018-08-29,"WSJ City is the app that delivers concise, smart news on business and finance for mobile. Download for iPhone or Android. Here’s essential reading on today’s developments. MUST READS FROM WSJ CITY Turkey’s central bank took steps to undo some of the emergency…"
2,2018-08-28,"The president on Tuesday morning accused the search engine of elevating critical stories about him, saying that it is a “very serious situation” that will be addressed."
3,2018-08-28,"Warren Buffett’s conglomerate is set to invest between $285 million and $357 million into One97 Communications, the parent company of India’s largest mobile-payments firm Paytm."
4,2018-08-27,"U.S. companies have been scaling back borrowing while posting improved earnings, marking some tentative signs of progress amid concerns about their elevated debt levels."
5,2018-08-27,"Major U.S. stock indexes crested higher Monday, sending the Nasdaq Composite past the 8000 mark for the first time as trade tensions eased."
6,2018-08-26,"Wall Street Journal Global Tech Rally Fractures as Investors Cool on Chinese Firms Wall Street Journal Some investors are asking whether a pullback in China's tech firms may presage a similar one in the U.S., and if so which stocks might lead the market highe…"
7,2018-08-26,Apple and Google’s app store commissions form a lucrative revenue stream that most app developers can’t sidestep in the way Netflix is attempting. That could spur regulators to take a closer look.
8,2018-08-26,D&D London is opening its first restaurant in the New York next month at the Shops at Columbus Circle and will open a second spot in 2019 in Hudson Yards.
9,2018-08-24,"And why despite his preachments to the contrary, Tesla needs to raise fresh capital."
10,2018-08-23,Big companies need to disclose more about their investments.
11,2018-08-23,"The Morning Download: Democratic National Committee Reports Attempted Hack of Voter File Wall Street Journal (blog) Update: The suspected attempt to hack into the DNC's voter database was actually a cybersecurity test, the organization said. The Journal has m…"
12,2018-08-23,"Australia banned Chinese telecom firms Huawei and ZTE from its next-generation 5G mobile network, aligning it with U.S. policy on the matter and underscoring concerns about the possibility of cyberspying by Beijing."
13,2018-08-22,Regular corporate earnings reports enhance accountability.
14,2018-08-22,Facebook plans to pull its data-security app Onavo from Apple Inc.’s app store after the iPhone maker ruled that the service violated its data-collection policies
15,2018-08-22,"Apple’s white wireless earphones transmit music and conversations, but some users wear them all day as a shield, a secretary and a hiding place."
16,2018-08-21,"U.S. Stocks Poised to Enter Longest-Ever Bull Market U.S. stocks are on the verge of surpassing their longest-running rally, ratifying a market rebound that began in the ashes of the financial crisis and defying those who have questioned its staying power. We…"
17,2018-08-20,MUST READS FROM WSJ CITY The buoyant performance of US tech stocks is driving some fund managers and others to dismiss longstanding valuation concerns as short-sighted. The question of how to value popular tech shares is coming into focus because major indexe…
18,2018-08-19,"Apple Pulls 25,000 Apps From China After a Barrage of State-Media Criticism BEIJING—Apple Inc. pulled illegal apps from its App Store in China after coming under fire from state media for not doing enough to filter out banned material. “Gambling apps are ille…"
19,2018-08-19,The software revolution has transformed business. What’s next? Processes that constantly improve themselves without need of human intervention.
20,2018-08-19,A multistakeholder ‘content congress’ could take account of everyone’s concerns.
21,2018-08-19,"Wall Street Journal Samsung's Galaxy Note 9 Is Crazy Powerful. Can You Handle It? Wall Street Journal Samsung's newest phone has more features, options and possibilities than the rest. WSJ's David Pierce reviews this big, fast, funky phone made for power user…"
22,2018-08-18,"Wall Street Journal Trump Slams Social-Media Companies for 'Censorship' of the Right Wall Street Journal President Trump on Saturday threatened action against social-media companies, saying they were suspending accounts in a manner that was “totally discrimin…"
23,2018-08-18,"Though grouped with the Abstract Expressionists, she cut a different path."
24,2018-08-17,"Facebook, Twitter, YouTube and other tech giants say that they’re open forums. What happens when they start to shut down voices they consider beyond the pale?"
25,2018-08-17,Picking individual stocks is mostly a loser’s game. But there is still value--and skill--involved in digging into a company the old-fashioned way.
26,2018-08-17,"To help screen addicts break the habit, Big Tech companies like Apple, Google and Facebook are finding new ways to warn of overuse."
27,2018-08-17,"Foxconn is making a new push into semiconductors, teaming up with a local government in China’s Pearl River Delta to build a chip fabrication plant."
28,2018-08-16,What sufferers accuse Apple of is a contradiction in terms—self-liquidating to a value of $1 trillion.
29,2018-08-16,"In middle age, the search giant’s motto has gone from ‘Don’t be evil’ to something more like ‘Get real.’"
30,2018-08-16,Tencent’s selloff has sparked fears of a broader contagion for tech stocks around the world.
31,2018-08-15,"Wall Street Journal Alex Jones, Meet Peter Strzok Wall Street Journal Let us consider the ways in which the human mind can go wrong today. There once was a time when if you said the Sandy Hook massacre in Connecticut didn't happen or that the U.S. government …"
32,2018-08-15,Apple Inc.’s new headquarters in Silicon Valley is the most lavish in a spate of glitzy new architectural projects by tech titans at a time when their businesses are booming and market valuations are soaring.
33,2018-08-15,Towle Deep Value soars 48.55% but shoos away investors.
34,2018-08-15,"WSJ City is the app that delivers concise, smart news on business and finance for mobile. Download for iPhone or Android. Here’s essential reading on today’s developments. MUST READS FROM WSJ CITY US foreign policy has driven sharp swings in European and Asia…"
35,2018-08-15,"President Recep Tayyip Erdogan of Turkey stepped up his attacks on the U.S. on Tuesday, calling for a boycott of Apple Inc.’s iPhones and other U.S. electronic goods, while his foreign minister joined his Russian counterpart in criticizing Western sanctions."
36,2018-08-15,"Twitter suspended far-right talk-show host Alex Jones for violating the social media company’s policies, a reversal amid intensifying public scrutiny and criticism of Mr. Jones’s posts on the platform."
37,2018-08-15,"President Recep Tayyip Erdogan of Turkey stepped up his attacks on the U.S. on Tuesday, calling for a boycott of Apple Inc.’s iPhones and other U.S. electronic goods, while his foreign minister joined his Russian counterpart in criticizing Western sanctions."
38,2018-08-14,$46.6 billion stake in the tech giant as of the end of JuneWarren Buffett’s Berkshire Hathaway Inc. continued to load up on technology giant Apple Inc. in the second quarter.
39,2018-08-14,"Musk may not be an asset to the abbey, but the SEC knows he makes us laugh."
40,2018-08-14,"Shares of Monsanto parent Bayer fell sharply after a California jury ruling, setting up a potential hit for billionaire investor David Einhorn’s Greenlight Capital."
41,2018-08-14,"The boycott, which President Recep Tayyip Erdogan announced in a speech Tuesday, is part of a wider campaign that has spread from advertising to beauty parlors."
42,2018-08-14,"Shares in Sunny Optical, which makes lenses for smartphones, lost nearly a quarter of their value after earnings missed estimates—the latest sign of investors’ unforgiving approach to companies that disappoint."
43,2018-08-14,"Tencent, the world’s largest videogame company by revenue, is raising its bet on the fast-growing industry of esports."
44,2018-08-14,"Microsoft is moving to retool Cortana, its digital voice assistant that has struggled as the software giant shackled it to the personal computer."
45,2018-08-13,"Wall Street Journal Tech Giants Pledge to Ease Patient, Provider Access to Health Data Wall Street Journal WASHINGTON—Major tech companies committed Monday to removing technological barriers that have hindered patient and provider access to health-care data o…"
46,2018-08-13,"Indian policy makers are looking for ways to tamp down American tech behemoths, a shift that could crimp growth potential in one of the biggest remaining open markets for their expansion."
47,2018-08-13,"Foxconn Technology posted a worse-than-expected drop in second-quarter profit, even after its biggest customer Apple said recent demand for iPhones remained resilient."
48,2018-08-13,"A French law enacted last month is set to bar cellphone use by primary and middle school students, an effort to cut down on distractions in class and encourage play or reading during recess."
49,2018-08-13,"Jody Gerson, CEO of Universal Music Publishing, is pushing for higher payments from streaming services."
50,2018-08-12,The senator has 20 points. Even Woodrow Wilson didn’t need more than 14.
51,2018-08-12,"President Trump heads back to Washington Monday after a 10-day stay at his New Jersey club that featured tweets, dinners with business leaders, some foreign-policy announcements and golf."
52,2018-08-10,"Wall Street Journal Siri, Why Do I Feel Like I'm Being Watched? Wall Street Journal “The Internet of Things heralds a qualitative shift in how privacy is managed, both by people and by the organizations that create, sell, and operate internet-connected device…"
53,2018-08-10,"In the wake of VW’s Dieselgate scandal, the popular German brand is eager to please, which is why the uber-affordable new Jetta comes turbocharged and fully stocked, with great fuel economy to boot. Dan Neil kicks the tires."
54,2018-08-10,"Samsung, Apple have boosted prices over the last year, but that strategy has its limits."
55,2018-08-10,"Qualcomm notched a victory in its effort to preserve its patent-licensing business, saving the company nearly $700 million in fines."
56,2018-08-09,Many tools exist that could help identify bad actors on social media. There’s just no consensus on how to use them.
57,2018-08-09,"Bluetooth-enabled S Pen stylus may be flagship phone’s biggest technological leapSamsung’s new Galaxy Note 9 unveiled Thursday looks much like last year’s model, reflecting slowing innovation in smartphones that has contributed to a historic dip in industry s…"
58,2018-08-09,"This is the web version of the WSJ’s newsletter on the economy. You can sign up for daily delivery here. Good morning! Today we look at China’s preparations for a knock-down, drag-out trade fight, a warning on the U.S. budget deficit, the EU’s lack of cohesio…"
59,2018-08-08,Making a Washington bureaucracy the regulator of the Internet is not the answer.
60,2018-08-08,"Located in Norway’s capital, the home later was occupied by a woman who fought the Nazis and then by a top actress. It is now listed for about $2.2 million."
61,2018-08-08,"Saudi Prince al-Waleed bin Talal’s $500 million spending spree on technology firms this week marks the billionaire’s return to international deal-making, after he was ensnared in a corruption crackdown at home."
62,2018-08-08,Twitter Chief Executive Officer Jack Dorsey tweeted that his platform wouldn’t join other tech firms in banning parts or all of Mr. Jones’ content. His reason: He hadn’t violated Twitter policy.
63,2018-08-08,"China is shoring up its economy as it prepares for a long trade conflict with the U.S., with government data released Wednesday showing a surge in imports of resources including coal, crude oil and iron ore."
64,2018-08-08,"In one of the first demos, Magic Leap’s much-hyped One Creator Edition headset provides a look at the future of augmented reality and computer interaction."
65,2018-08-07,Would you lend $70 billion to buy a cash-needy car company?
66,2018-08-06,"Taiwan Semiconductor, which supplies chips for tech companies from Apple to Qualcomm, said it has fully eliminated an infection of its computer systems by a modified version of a virus that last year crippled hundreds of thousands of computers around the worl…"
67,2018-08-06,"Apple Inc. removes links from its podcast directory to content from controversial far-right site Infowars, thrusting the tech giant into the debate over how internet platforms should handle divisive or offensive content."
68,2018-08-06,"Apple removed links from its podcast directory to content from controversial far-right site Infowars, thrusting the tech giant into the debate over how internet platforms should handle divisive or offensive content."
69,2018-08-05,"America’s biggest companies are reporting some of the strongest earnings growth since the recession, boosted by lowered tax rates and a robust U.S. economy that is fueling demand across industries."
70,2018-08-05,"Wall Street Journal FANG Stocks Are Big, But Asia's Tech Giants Carry Even More Sway Wall Street Journal Yet even these gauges are increasingly dependent upon Asian tech names, including the U.S.-listed Chinese titans Alibaba Group Holding Ltd. and Baidu Inc.…"
71,2018-08-05,"Wall Street Journal Microsoft Surface Go Review: Small Computer, Big Compromise Wall Street Journal Every morning on the train into work, I see the same scene played over and over. People board and reach into their bags for their laptops. Then they do a dance…"
72,2018-08-03,The Journal’s weekly guide to the ups and downs of the business world.
73,2018-08-03,"By most measures, Apple is the least expensive of its giant tech peers."
74,2018-08-03,"Wall Street Journal Bigger Sales Than Apple? China's Huawei Doesn't Need the US Wall Street Journal HONG KONG—Smartphone sales are falling globally, but a Chinese tech giant whose devices most Americans can't even buy is doing a booming business, while nippin…"
75,2018-08-03,"Wall Street Journal Old-Money Billionaires Are Chasing New Tech Riches Wall Street Journal Having made their fortunes in industries that are increasingly being upended by technology, many of the world's wealthiest individuals and families are turning to ventu…"
76,2018-08-03,"Apple’s $1 trillion milestone is a harbinger for rising tech giants Amazon, Alphabet and Microsoft."
77,2018-08-03,"Short sellers taking aim at Tesla Motors are holding onto bets that the electric car maker is on borrowed time, undeterred by the stock’s biggest one-day rally in years."
78,2018-08-03,European stocks rose following declines in Asia as investors continued to assess the escalating trade tensions between the U.S. and China.
79,2018-08-03,"Apple reached a market value of $1 trillion on Thursday, propelled by the sustained success of the iPhone. WSJ's Spencer Jakab takes a look at how Apple got here. Photo: Getty Images"
80,2018-08-02,A capitalist triumph that has created wealth for millions—but can it stay on top?
81,2018-08-02,Speaker company Sonos Inc.’s stock surged 32% above its initial public offering price on Thursday in its market debut.
82,2018-08-02,Apple’s rise above $1 trillion in stock-market value has enriched billionaires and everyday investors—and one of the biggest winners is Warren Buffett.
83,2018-08-02,"When ‘there’s an app’ for everything, the contents of our wallets—cash, mementos, timeworn IDs—are giving way to slick digital replacements. Six writers consider why it’s bittersweet to say goodbye to the billfold."
84,2018-08-02,"WSJ City is the app that delivers concise, smart news on business and finance for mobile. Download for iPhone or Android. Here’s essential reading on today’s developments. MUST READS FROM WSJ CITY Apple became the first US company to surpass $1 trillion in ma…"
85,2018-08-02,"The Silicon Valley giant became the first U.S.-listed company to surpass $1 trillion in stock-market value, underscoring the iPhone maker’s explosive growth and its role in fueling the rise of the technology industry to the forefront of the global economy."
86,2018-08-02,"Wall Street Journal Tech Stocks Lift S&P 500 Wall Street Journal Shares of technology companies rallied Thursday to lift the S&P 500, even as investors grappled with the Trump administration's threat to deepen its trade spat with China. Tech stocks continued …"
87,2018-08-02,"Investors are rewarding companies beating Wall Street’s earnings expectations with the largest stock-price boosts in years, helping to underpin a U.S. stock market rally that has been rattled this year by trade tensions and rising interest rates."
88,2018-08-02,"Google’s development of a censor-friendly mobile search app sent shares of China’s dominant search engine plunging, but analysts cautioned Google still faces hurdles in regaining entry to the country after a tense departure eight years ago."
89,2018-08-01,"Wall Street Journal Diverging Fortunes: High Prices Propel Apple, Sink Samsung Wall Street Journal Apple Inc. AAPL 5.46% and Samsung Electronics Co. entered the second decade of the smartphone era by betting on super-high prices for their flagship products. O…"
90,2018-08-01,"The city of Cupertino, home to Apple, backed down from a proposal for a per-employee tax on big companies, after opposition from local businesses and a direct appeal from Apple to consider alternatives."
91,2018-08-01,"Among the companies with shares expected to trade actively in Wednesday's session are Apple, Campbell Soup, Sprint, Kroger and Berkshire Hathaway."
92,2018-08-01,"Wall Street Journal Global Shares Decline as White House Considers Higher Tariffs Wall Street Journal European stocks followed Asian indexes lower Wednesday, driven down by concerns of further U.S. tariffs on Chinese goods. The Stoxx Europe 600 edged lower 0.…"
93,2018-08-01,"Wall Street Journal Asia's Tech Sector Gets Some Good News Wall Street Journal The tech slump has been exacerbated by an overall exodus of cash from emerging markets. Tencent, Alibaba and Samsung are the largest constituents in MSCI's emerging-markets index, …"
94,2018-07-31,"Leslie Moonves is a great executive, but nothing good comes from sticking around."
95,2018-07-31,"Apple delivered its best-ever revenue for the June quarter, typically its weakest period, as demand for high-price iPhones remained resilient and services like app-store sales swelled to all-time highs."
96,2018-07-31,Apple Inc.'s big buybacks are underpinning the record spree of shareholder returns in the stock market.
97,2018-07-31,"MUST READS FROM WSJ CITY The eurozone’s economy slowed further in the three months through June, as exports sputtered and business confidence weakened on worries over future relations with the currency area’s largest trading partners. Domestic pressure on Ira…"
98,2018-07-31,"Wall Street Journal Samsung's Mobile Profits Fall as Consumers Pass on Galaxy S9 Phones Wall Street Journal SEOUL— Samsung Electronics Co. may have misdialed on the $1,000 smartphone era. Fewer buyers than expected have shelled out top dollar for Samsung's ne…"
99,2018-07-31,"Chinese state media claims the U.S. technology giant isn’t doing enough to block texts and images trafficking in prohibited content including pornography, gambling and counterfeit goods."
100,2018-07-31,A sudden downdraft in tech stocks is once again illustrating the pitfalls of betting on highly-valued stocks.
101,2018-07-31,Buybacks and dividends have rewarded shareholders but probably cost the tech giant the distinction of already being the first company with 13 digits.
102,2018-07-31,Apple Inc. is scheduled to report results for its fiscal third quarter after the market closes Tuesday. Here’s what you need to know.
103,2018-07-31,"Wall Street Journal Stocks Steady After Tech Selloff Wall Street Journal The moves came after a closely watched index of tech stocks fell into correction territory on Monday, hurt by disappointing earnings reports and concerns about growth. The NYSE FANG+ Ind…"
104,2018-07-31,"Samsung Electronics Co. reported flat second-quarter net profits, as a big drop in mobile phone profits dragged down results that were again buoyed by its strength in memory chips."
105,2018-07-30,"A closely watched stock index of global technology giants tumbled into correction territory Monday, showing the fragility of investors’ bets on the popular FANG group of stocks."
106,2018-07-30,"The move is a stark turnaround for the French media conglomerate, and an attempt to cash in on a resurgence in the music business."
107,2018-07-30,"WSJ City is the app that delivers concise, smart news on business and finance for mobile. Download for iPhone or Android. Here’s essential reading on today’s developments. MUST READS FROM WSJ CITY Facebook says Europe’s new privacy law, GDPR, contributed to s…"
108,2018-07-30,"Prosecutors indicted China’s former top internet regulator on charges that he took bribes and abused his power, advancing a case portrayed as a sign of President Xi Jinping’s continuing commitment to his far-reaching anticorruption campaign."
109,2018-07-30,"MUST READS FROM WSJ CITY The world is sucking up crude faster than it’s taking it out of the ground, raising the prospect of even higher oil prices in the coming years. The broad US stock market is within 2% of a new high despite big drops by some of the tech…"
110,2018-07-29,"July’s jobs report, the Fed’s policy meeting and another round of corporate earnings reports are likely to be the next catalysts for the stock market."
111,2018-07-29,Wall Street Journal Stock Market Fights Off Big Tech Stumbles Wall Street Journal The next big test for the tech sector will come Tuesday when Apple Inc. is projected to report double-digit growth in quarterly earnings and revenue. Even after adding hundreds …
112,2018-07-29,"More companies, desperate for candidates for jobs ranging from auto mechanic to e-commerce analyst, are abandoning requirements about college degrees and prior job experience."
113,2018-07-27,"Shares of Twitter and Facebook endured a surprise rout this week, as investors were rattled by signs that users are souring on the social-media stalwarts."
114,2018-07-27,"Wall Street Journal At the Expense of US Tech, a European Star Is Born Wall Street Journal American tech firms have been handy punching bags for Ms. Vestager, there is no question. Even the Economist magazine, which likes her crusade, acknowledges she is poli…"
115,2018-07-27,"For all the grime that gets on our devices, the occasional wipe down might not be enough. These glowing gadgets give them a deeper clean."
116,2018-07-27,Was it a mistake for the U.S. to allow China to join the World Trade Organization? Assessments of the 2001 deal often determine positions in today’s bitter trade debate.
117,2018-07-27,Many corporate leaders who speak out on divisive social issues forget to make a business case for their views; the Ronald Reagan model.
118,2018-07-26,"Based on mounting research, doctors are prescribing nutrient-rich foods as a recipe for better mental health. With the help of high-profile chefs, they’re doing it deliciously, too."
119,2018-07-26,"Although the homespun checked fabric is most often associated with Dorothy Gale and a bucolic past, designers are now using gingham in surprising high-end ways."
120,2018-07-26,"J.C. Penney is pivoting again, returning its focus to middle-age women as it tries to rebound from earlier missteps that drove away customers. But time is running short, analysts say."
121,2018-07-26,"The secret of success for Amazon, Google and Microsoft is how much they invest in their own technology."
122,2018-07-26,"Analysts are high on Amazon—so high, they’re largely expecting the company to surprise with an even better forecast for the year."
123,2018-07-25,"As the App Store turns 10, we revisit the Apple CEO’s 2008 interview with Nick Wingfield shortly after its launch. “There’s never been a mobile platform that’s been this powerful before,” he says. Get the full audio and transcript."
124,2018-07-25,Executive Bridget van Kralingen talks about the traits of successful leaders and building the tech giant’s blockchain startup.
125,2018-07-25,"New Jersey’s corporate tax breaks, designed to lure and keep companies in one of the country’s highest-taxed states, are sold for cash more often than they are used to lower tax bills."
126,2018-07-25,"Today in Real Time Economics, we look at who's vulnerable in escalating trade fights, President Trump's warning ahead of the EU's White House visit, how some (but not all) manufacturers are shrugging off tariffs, and why China is letting the yuan fall."
127,2018-07-25,"Good morning from the WSJ City desks in London. WSJ City is the app that delivers concise, smart news on business and finance for mobile. Download for iPhone or Android. Here’s essential reading on today’s developments. MUST READS FROM WSJ CITY Deutsche Bank …"
128,2018-07-24,One of the first issues Mike Manley will likely have to address as Fiat Chrysler’s new chief executive is a lingering problem from his old job: a slow-moving redesign of the Ram 1500 truck.
129,2018-07-24,"Between playing with his gadgets and popping up in summer blockbusters, this Gloucester boy is recreating his 1970s childhood at home and on film"
130,2018-07-24,"A new generation of young chefs is turning Lyon, France’s tradition-bound second city, into a destination for creative cooking. Here’s where to start your gluttony tour."
131,2018-07-24,China has been integral to Apple’s remarkable success. But the iPhone is a Chinese export—one that could be subject to tariffs in an escalating trade dispute with the U.S.
132,2018-07-24,"Whether Qualcomm walks away with—or from—its $44 billion offer for NXP Semiconductors, the company has a lot of work ahead."
133,2018-07-23,The New York Daily News announced that it would cut its editorial staff by half as part of a major restructuring to address “significant financial challenges” the Big Apple tabloid has faced for years.
134,2018-07-23,Qualcomm is set to find out this week if its $44 billion deal to buy chip maker NXP Semiconductors will become one of the biggest casualties in the U.S.-China trade battle.
135,2018-07-23,It’s a busy time for U.S. District Judge Dana Makoto Sabraw as he engages in the biggest case of his career: the legal effort to reunite thousands of migrant parents and their children.
136,2018-07-23,"A gunman opened fire on a busy Toronto street late Sunday night, killing one person and injuring 13 others, local police said."
137,2018-07-23,"Today in Real Time Economics, we look at the Trump administration's frustration with the Fed and China, U.S. industrial policy, how manufacturers are getting squeezed by rising costs, China's tech catch-up, freezers full of meat, and why there aren't enough c…"
138,2018-07-23,"Papa John’s International Inc.’s board members voted to adopt a “poison pill” on Sunday to prevent its controversial founder from gaining a controlling interest in the pizza chain, according to people familiar with the matter."
139,2018-07-23,"A senior Pacific Investment Management Co. executive resigned on Friday after facing allegations he acted inappropriately toward a colleague, people familiar with the matter said."
140,2018-07-22,Mondelez International Inc. is recalling some Ritz crackers made with an ingredient that could have salmonella bacteria.
141,2018-07-22,"Francesco Molinari won the British Open on Sunday, closing with a bogey-free round of 69 to finish at 8 under par."
142,2018-07-22,"Wall Street Journal Apple Fixed the MacBook Keyboard, But It's Only For Pros Wall Street Journal A fast computer with a crummy keyboard is like a Les Paul with broken strings, or a Ferrari with a busted gearshift. They're no good if you can't use them right. …"
143,2018-07-22,"Wall Street Journal China Targets Apple With Push Into Advanced Smartphone Screens Wall Street Journal CHENGDU, China—China's campaign to become a global power in advanced manufacturing is playing out at a high-tech factory in the Sichuan province, where engi…"
144,2018-07-22,"Apple's expensive new laptops feature the latest ideas about keyboards. WSJ's David Pierce looked inside the newest MacBook Pro to see how it's changed, and what it might mean for your typing fingers. Photo/Video: Emily Prapuolenis/The Wall Street Journal"
145,2018-07-21,"When workers are in short supply, offering shares to rank-and-file employees can be a ‘powerful recipe for an engaged workplace’"
146,2018-07-20,"Investor inflows into exchange-traded fund pioneer State Street Corp. stalled this spring, the latest sign of slowdown in the once booming ETF industry."
147,2018-07-20,"A Southern California technology company has clinched a deal to build China’s first hyperloop, a ground-transport system that can potentially achieve supersonic speeds."
148,2018-07-20,"Growth at Amazon, Apple and Google is booming but the cost of staying competitive is rising, investors play defense, and high-end living in Miami."
149,2018-07-20,"Good morning from the WSJ City desks in London. WSJ City is the app that delivers concise, smart news on business and finance for mobile. Download for iPhone or Android. Here’s essential reading on today’s developments. MUST READS FROM WSJ CITY delivered a ra…"
150,2018-07-19,"The U.K. government raised new concerns about the use of telecommunications gear from Huawei Technologies, stepping back from previous assertions that the Chinese company’s products didn’t present a national security threat."
151,2018-07-19,"Not long ago, swaggering companies such as Uber and Airbnb swept through cities like a wrecking ball, establishing billion-dollar businesses and vast constituencies before regulators could figure out how to rein them in. That’s changing as companies cooperate…"
152,2018-07-19,Amazon is making another run at the title of world’s largest company.
153,2018-07-18,"By the time this case is over, markets will be on to the next technology."
154,2018-07-18,"When the first Android phone went on sale a decade ago, Google made a bet: Its free operating system would hook smartphone makers. Now that business model may need an upgrade."
155,2018-07-18,"Wall Street Journal Samsung Plans to Launch Foldable-Screen Phone Early Next Year Wall Street Journal SEOUL— Samsung Electronics Co. is planning to introduce a foldable-screen smartphone early next year, according to people familiar with the matter, as the wo…"
156,2018-07-17,Wall Street Journal The iPhone App Making the NBA Smarter With Artificial Intelligence Wall Street Journal There is nothing unusual about how little he knows about his own history. Almost everyone in the NBA today came of age in the final years that sports we…
157,2018-07-17,"Tech giants like Amazon, Apple and Google are delivering above-average growth, but the cost of staying competitive is rising more."
158,2018-07-17,"Good morning from the WSJ City desks in London. WSJ City is the app that delivers concise, smart news on business and finance for mobile. Download for iPhone or Android. Here’s essential reading on today’s developments. MUST READS FROM WSJ CITY Top congressio…"
159,2018-07-17,"BlackRock pulled in $20 billion in new investor cash in the second quarter, its lowest haul in two years as a global trade rift made investors increasingly skittish."
160,2018-07-16,"With ‘Paranormal Activity,’ ‘Get Out’ and now ‘BlacKkKlansman,’ out this summer, Blum aims to turn low-budget films into high-margin successes."
161,2018-07-16,Albany County Sheriff Craig Apple received an inquiry from federal immigration officials asking whether the New York jail he runs could receive hundreds of asylum-seeking migrant detainees. He agreed after receiving assurance that legal help could be provided…
162,2018-07-16,"Miners have long invested in technology to protect profits, but a new force for change has recently emerged: Companies like Apple see a marketing advantage in ensuring their products are greener than before."
163,2018-07-15,Maybe the seeds of destruction already have been planted at the search giant.
164,2018-07-15,Handwriting deserves a place in our screen- and keyboard-driven lives: Here’s how to fit good old-fashioned pen and paper into our digital world.
165,2018-07-13,"A top Microsoft executive is calling for the U.S. government to regulate facial-recognition technology, an area that Apple, Google, Facebook and other rivals have made significant bets, and where Microsoft has made its own investments."
166,2018-07-13,Media companies hoping their content-making expertise would be in demand from tech magnates at the annual conference Sun Valley were likely to leave disappointed.
167,2018-07-13,The oil giant is struggling as the energy business shifts and investors look elsewhere for profits. CEO Darren Woods’s plan to make a comeback by spending more on fossil-fuel projects has so far proved unpopular.
168,2018-07-13,"Among the companies with shares expected to trade actively in Friday's session are JPMorgan, Wells Fargo, Citigroup, Johnson & Johnson, AT&T and McDonald's."
169,2018-07-13,Apple Pushes Renewable Energy
170,2018-07-13,"Tech giant extends commitment to China amid trade tensionsApple Inc. said it would launch a $300 million clean-energy fund for China with 10 of its suppliers, extending the U.S. tech giant’s commitment to China at a time of mounting trade tension between its …"
171,2018-07-12,Tiny microphones are moving us toward a world in which all gadgets can respond to a voice command. For those worried about privacy: meet a $200 trash can.
172,2018-07-12,It might look like Subaru is cashing in on the three-row SUV trend with its biggest vehicle to date. But Dan Neil explains why the new Ascent is the best of the bunch.
173,2018-07-10,"Senior lawmakers requested answers from Google parent Alphabet about its privacy questions surrounding Gmail, the company’s popular email service."
174,2018-07-10,"Wall Street Journal Apple Hands Siri Responsibilities to Executive Poached From Google Wall Street Journal Apple Inc. is handing oversight of its Siri team to new artificial-intelligence chief John Giannandrea three months after hiring him from rival Google, …"
175,2018-07-10,"The software giant accounted for less than 2% of tablet sales in 2017, but its devices still play a worthwhile role."
176,2018-07-10,"The battle in Washington is already under way over President Trump's Supreme Court nominee, and the president is on his way to Europe where another battle is heating up over the future of NATO."
177,2018-07-10,"CNET Alexa: Don't Let My 2-Year-Old Talk to You That Way Wall Street Journal Parents, your child may have a new secret friend: your smart speaker. Drawn by the devices' voice-activated interfaces and warm, playful tone, children as young as 1 are interacting …"
178,2018-07-10,"Among the companies with shares expected to trade actively in Tuesday's session are Microsoft, PepsiCo, Amazon.com, Walmart, Walt Disney and eBay."
179,2018-07-10,"The retail behemoth’s foray into the Big Apple will be an ecommerce fulfillment center in the Bronx leased by Jet.com, the online startup Walmart bought two years ago."
180,2018-07-10,"The higher the price goes in the bidding for 21st Century Fox’s assets, the less room there is for error in managing and extracting value from the assets."
181,2018-07-10,"Good morning from the WSJ City desks in London. WSJ City is the app that delivers concise, smart news on business and finance for mobile. Download for iPhone or Android. Here’s essential reading on today’s developments. MUST READS FROM WSJ CITY Martin Sorrell…"
182,2018-07-10,"Microsoft is cutting prices on its Surface devices, introducing a $399 tablet to compete with Apple’s least-expensive iPads."
183,2018-07-10,"Microsoft Corp. is cutting prices on its Surface devices, introducing a $399 tablet to compete with Apple Inc.’s least-expensive iPads."
184,2018-07-09,"House lawmakers sent letters Monday to the CEOs of Apple and Google parent Alphabet, seeking information about how they handle smartphone users’ personal data such as location information."
185,2018-07-09,"What’s the point of wearing a watch when you’ve got a phone glued to your palm? For some, it’s all in the looks."
186,2018-07-09,"As more men do the household food shopping, grocery stores roll out guy-friendly amenities and rewards like beer dens, butchery classes, gasoline discounts and dad-humor signage."
187,2018-07-09,"Speaker maker’s Amazon partnership helped boost sales, but profits still need to recover."
188,2018-07-09,"Wall Street Journal Japan's Disastrous Rain, Mudslides Kill More Than a Hundred Wall Street Journal TOKYO—More than a hundred people have died and scores are missing in western Japan as record rainfall in recent days triggered landslides and floods that sever…"
189,2018-07-08,"The classic tomato-juice cocktail has become over-the-top performance art, garnished with sliders, chickens, doughnuts. ‘You look at it and you say, “How do I attack this?” ’"
190,2018-07-08,"Voice chat might be the future of communication, as companies"
191,2018-07-07,"With their blurring of genres and eagerness to defy gender norms, women like Grimes, Kali Uchis, Billie Eilish and U.S. Girls are changing the music industry."
192,2018-07-06,Wireless-speaker company Sonos reveals new financial information as it sets to start trading as soon as this month.
193,2018-07-06,"With Disney’s pursuit of Fox, CEO Robert Iger’s signature strategy faces its biggest test yet."
194,2018-07-06,"Samsung Electronics Co. forecasts second-quarter operating profit will grow 5%, though the result missed analyst estimates and would halt what had been four straight quarters of record earnings."
195,2018-07-05,"Consumers and employees expect companies to voice opinions on hot-button topics, and the world’s largest retailer is weighing in. The strategy risks alienating core customers."
196,2018-07-02,"Tesla Inc.’s top engineer, Doug Field, won’t return from his leave of absence, a person familiar with the situation said."
197,2018-07-02,Software developers scan hundreds of millions of emails of users who sign up for email-based services. Disclosures are often buried in user agreements.
198,2018-07-02,"The U.S. Farm Belt helped deliver Donald Trump to the White House, drawn to his promises to revive rural America and deregulate industry. Now, the president’s global trade offensive is threatening the livelihoods of many farmers."
199,2018-07-02,China has yet to really deploy one of its most effective means of economic blackmail.
200,2018-07-01,Even Isaac Newton didn’t appreciate how the law of gravity applies to markets.
201,2018-07-01,"Trying to break into semiconductor markets, mainland companies are accused of poaching employees and stealing data. China watchers say the threat is growing and is also part of an effort to undermine a political rival."
202,2018-07-01,"Facebook gave dozens of companies special access to user data, detailing for the first time a spate of deals that contrasted with the social network’s previous public statements that it restricted personal information to outsiders in 2015."
203,2018-07-01,"You can ignore your phone while you are on vacation, but everyone will think you are just ignoring them. There is a simple solution: bring back the away message."
204,2018-06-29,The pharmacy giants could use some PillPack competition.
205,2018-06-29,The tech-heavy Nasdaq Composite thrived in a tumultuous quarter for stocks. But technology’s growing dominance has some investors worried about a reversal.
206,2018-06-29,"Wall Street Journal The New Tech Avengers Wall Street Journal Mr. Harris, 33, forms one third of an unlikely triumvirate of Silicon Valley insiders that for more than a year has been cajoling executives and buttonholing lawmakers about the tech industry's at …"
207,2018-06-29,Eavesdropping earbuds can translate dozens of languages and dialects in real time. But how well do they actually work? We put them to the test.
208,2018-06-28,"Legislation that aims to revamp an outdated music-licensing system and help songwriters get paid more won the unanimous approval of the Senate Judiciary Committee, paving the way for a full Senate vote on the bill, a version of which has already cleared the H…"
209,2018-06-28,"President Donald Trump said that a $10 billion Foxconn Technology Group megaplant that broke ground in Wisconsin on Thursday is evidence that manufacturing jobs are coming back to America, a key part of his election-year promises."
210,2018-06-28,Billboard is changing how songs place on its Hot 100 chart by giving more weight to paid streams than free or ad-supported ones.
211,2018-06-28,Amazon.com Inc's latest maneuvering in the shipping and pharmacy industries sent a swath of companies' share prices lower on Thursday.
212,2018-06-28,"Among the companies with shares expected to trade actively in Thursday's session are Amazon.com, FedEx, Walgreens Boots Alliance, Rite Aid, Apple and Starbucks."
213,2018-06-28,"Good morning from the WSJ City desks in London. WSJ City is the app that delivers concise, smart news on business and finance for mobile. Download for iPhone or Android. Here’s essential reading on today’s developments. MUST READS FROM WSJ CITY An EU summit l…"
214,2018-06-27,Agreement comes a month after ruling in Apple’s favorApple Inc. and Samsung Electronics Co. have settled a yearslong dispute focused on whether Samsung’s phone designs violated Apple’s patents.
215,2018-06-27,"U.S. companies have brought home only a sliver of their more than $2 trillion in profits stashed overseas, a sign that this year's corporate spending spree on things like buybacks and new equipment is only just beginning."
216,2018-06-27,"Companies spent decades farming out every step of production according to where labor, infrastructure and know-how were optimally located. Now, as trade barriers rise, they are grappling with how to localize production again."
217,2018-06-27,The incentives offered by Wisconsin and its municipalities to Taiwan’s Foxconn Technology since it announced a $10 billion megaplant in the state have gone up by nearly $1 billion.
218,2018-06-25,American Express gets vindication at the Supreme Court.
219,2018-06-25,A court victory for Amex will help the three big card companies continue charging high fees and hurt upstart payment companies.
220,2018-06-25,"Among the companies with shares expected to trade actively in Monday's session are Nvidia, Harley-Davidson, General Electric, Apple and AT&T."
221,2018-06-25,"Even if incumbents such as Disney and AT&T bulk up, tech companies like Netflix, Amazon, and Apple will still have more leeway to spend."
222,2018-06-25,The MSCI World With China Exposure index should help gauge how investors are reacting to the Chinese economy and maybe even the effect of Sino-U.S. trade tensions. In fact it mostly just tells you about microchips.
223,2018-06-24,The company turned out to be a hedge fund masquerading as an industrial giant.
224,2018-06-24,You want to choose your streaming service carefully because whichever you pick will take over your music.
225,2018-06-23,"What a family learned after it had a long-delayed, hard conversation about substance abuse."
226,2018-06-23,"Xiaomi, the Chinese smartphone maker whose value may hit $70 billion, gave its founder and chief executive a token of its appreciation: $1.5 billion in stock, no strings attached, in one of the largest corporate paydays in history."
227,2018-06-23,"Apple sought to head off customer complaints about defective keyboards on its latest MacBook models, saying it will offer free repairs for qualifying devices in the latest overture to users concerned about the performance of one of the company’s signature pro…"
228,2018-06-22,"Wall Street Journal Frankfurt: A Business Traveler's Guide Wall Street Journal DESPITE AN INFLUX of people (Frankfurt's population swells to over a million, from 750,000, each day with commuters and business travelers), Germany's financial hub has maintained …"
229,2018-06-22,The surprise resignation of Intel’s CEO means the chip maker needs to deal with longer-term challenges now.
230,2018-06-21,"Wall Street Journal How to Trade a Trade War Wall Street Journal Markets follow a well-worn pattern after Donald Trump's pronouncements, a pattern followed by tax, North Korea and trade. There is a sharp reaction—up or down—on the first news, fading as doubts…"
231,2018-06-21,"The mentalist, illusionist and pop philosopher reveals how many of the tricks he uses in his act are also familiar to faith healers."
232,2018-06-21,"Meituan-Dianping defies easy comparison to a like company in the U.S., instead providing a range of services similar to those of Yelp, Groupon and Grubhub in a single app."
233,2018-06-21,"The Dow Jones Industrial Average has ejected numerous blue-chip industrial companies over the past decade in an effort to adapt a 19th-century index to a 21st-century economy. That path has become increasingly fraught, in part because of the limitations of ho…"
234,2018-06-21,"Chinese smartphone maker Xiaomi is planning to raise up to $6 billion in its initial public offering next month, down from the $10 billion previously expected after plans for a dual offering on mainland China were scuttled."
235,2018-06-20,Apple is forming a partnership with Sesame Workshop to create children’s programming for its planned subscription video service.
236,2018-06-20,Microsoft executives joined other tech leaders in denouncing the U.S. handling of migrant families but stopped short of heeding calls from some employees to end work with ICE over the agency’s role in separating children from their parents.
237,2018-06-19,"President’s Donald Trump’s trade battles with China and the rest of the world have barely touched U.S. consumers so far, but that could soon change."
238,2018-06-19,"General Electric will drop out of the Dow Jones Industrial Average next week, a milestone in the decline of a firm that once ranked among the mightiest of U.S. blue-chips."
239,2018-06-19,"PayPal said it agreed to acquire fintech company Hyperwallet for about $400 million, augmenting its offerings at a time when the company is facing increased competition from banks, startups and tech companies."
240,2018-06-19,"On one hand, the style is commonly associated with the immature. On the other, many designers are proposing sophisticated-looking ‘dad caps.’ We debate both sides."
241,2018-06-19,"Apple Inc. was fined in Australia for refusing to offer free fixes for iPhones and iPads that were previously serviced by non-Apple stores, the latest episode in a global dispute between companies and consumers about the right to repair."
242,2018-06-19,"Among the companies with shares expected to trade actively in Tuesday's session are Boeing, Apple, Wells Fargo, Netflix and GameStop."
243,2018-06-19,"Republicans look for political cover from Trump on immigration, and more in the Capital Journal newsletter."
244,2018-06-19,"Apple was punished in Australia for refusing to offer free fixes for iPhones and iPads that were previously serviced by non-Apple stores, the latest episode in a global dispute between companies and consumers about the right to repair."
245,2018-06-19,"Kanye West is betting that good things can come from small packages. The rapper has produced five minialbums, which are making waves in a music industry where bigger has increasingly been seen as better."
246,2018-06-18,"Beyoncé and Jay-Z have made their new album, “Everything Is Love,” available for streaming across all major music services—as long as listeners are paying for it."
247,2018-06-18,The Supreme Court announced it will hear an Apple appeal challenging the propriety of a lawsuit brought by consumers who allege that the company illegally monopolized the sale of iPhone apps.
248,2018-06-18,"Among the companies with shares expected to trade actively in Monday's session are Apple, Facebook, Alphabet, Comcast, General Electric and General Motors."
249,2018-06-18,Apple Inc. is partnering with a startup to tackle a problem that has long vexed 911 operators: locating cellphone callers.
250,2018-06-18,"iPhone users who call 911 will automatically send location data to emergency call centers, the result of a partnership between Apple Inc. and startup RapidSOS that addresses a source of first-responder delays."
251,2018-06-17,"Beyoncé announced the album, “Everything Is Love,” on Twitter and Instagram, saying it would be available exclusively on Tidal, the music-streaming service that she and her husband partly own."
252,2018-06-15,With the speedy adoption of voice command we’re on the verge of smashing the TV clicker’s hold on us. Will anyone miss it?
253,2018-06-15,"While a trade battle between the U.S. and China would inflict pain on businesses and consumers in both countries, in the crosshairs, in particular, are multinationals with a footprint in the mainland."
254,2018-06-15,Apple has formed a production partnership with Oprah Winfrey to make programs for the new subscription video service it is creating.
255,2018-06-15,Here are some of the companies with shares expected to trade actively in Thursday’s session.
256,2018-06-15,"Wall Street Journal Behind the Scenes at G-7 Meetings, Allies Dismayed by Trump's Jabs Wall Street Journal Prospects for compromise on a wide range of trade disputes between the U.S. and its major economic allies have dimmed in the wake of a dramatic blow-up …"
257,2018-06-15,Kellogg is recalling some Honey Smacks cereal after federal health regulators linked the product to salmonella-related illnesses in several states.
258,2018-06-15,Tech companies have shown they don’t need to own large media companies to establish a strong presence in the business.
259,2018-06-15,"Australia is looking at barring Huawei from taking part in the introduction of new 5G telecommunications infrastructure, which would deal a blow to the Chinese company’s global ambitions."
260,2018-06-15,"The iPhone maker is delaying its full transition to a new screen technology, but that won’t help most Asian manufacturers for long."
261,2018-06-15,"Apple is developing production plans for its next iPhones that stress cheaper liquid-crystal displays more than analysts had expected, showing consumers’ sensitivity to the price of smartphones."
262,2018-06-14,"Wall Street Journal Behemoths Have Dominated the Market Before, but Tech Is Different Wall Street Journal As the race to become the first company worth $1 trillion enters the final lap, technology monopolies are dominating the stock market. The five biggest c…"
263,2018-06-14,"Wall Street Journal The Hacking Box That Led to a Golden Age of iPhone Investigations Wall Street Journal At a conference of law-enforcement forensics officials last week, someone asked David Miles what would happen if Apple Inc. AAPL 0.20% tried to ruin his …"
264,2018-06-14,"As efficient mobile processors overtake their laptop-powering counterparts, Apple could switch MacBooks over to its own custom chips."
265,2018-06-14,Here are some of the companies with shares expected to trade actively in Thursday’s session.
266,2018-06-14,"As more Chinese leave their wallets at home, Alibaba and Tencent are reaching deeper into theirs to fund an increasingly arms race to dominate mobile payments."
267,2018-06-13,"Apple Inc. said it is working on a new security feature that could make it harder for investigators to retrieve data from iPhones, the latest twist in its long-running standoff with law-enforcement agencies over user privacy."
268,2018-06-13,The famed choreographer’s revue gets a sprawling revival--including a cast of 59--its first since opening in 1989.
269,2018-06-13,Apple is trying to enforce new privacy policies across its vast network of iPhone and iPad apps—and in the process is exposing longstanding gaps that left users’ data vulnerable to abuse.
270,2018-06-13,"Zelle, the digital money-transfer service owned by the biggest U.S. banks, will overtake PayPal Holdings Inc.'s Venmo in terms of users this year, according to estimates from research firm eMarketer."
271,2018-06-13,"The merger of AT&T and Time Warner will bring bigger—not cheaper—packages of entertainment rather than a la carte, pay-as-you-go custom content, writes Christopher Mims."
272,2018-06-12,"Wall Street Journal Green Light for AT&T Deal Sets Up Comcast's Fox Bid, Merger Frenzy Wall Street Journal A court's approval of AT&T Inc.'s T 0.50% merger with Time Warner Inc. TWX 0.05% paves a clear path for Comcast Corp. CMCSA 1.19% to bid for 21st Centur…"
273,2018-06-12,"Wall Street Journal AT&T-Time Warner Judge Fires Starting Gun in the Battle Against Tech Wall Street Journal As long as the big tech is the enemy, companies are pretty much free to buy, sell and trade assets to keep from falling behind. A federal judge said a…"
274,2018-06-12,Ford‘s unusual $1 billion bet on the tiny Argo AI was aimed at recruiting top talent for its driverless-car program with a potentially lucrative perk it couldn’t otherwise provide: an equity stake in a fast-growing startup.
275,2018-06-12,Wall Street Journal Vietnam Tightens Grip on Internet With Data-Storage Law Wall Street Journal Vietnam's plans to vigorously police the internet took a step forward Tuesday when it adopted a cybersecurity law that requires internet companies such as Facebook…
276,2018-06-11,"An exhibition at the San Francisco Museum of Modern Art explores the final quarter-century of the Surrealist’s life, and brings together seven works from his ‘L’empire des lumières’ series."
277,2018-06-11,About a fourth of U.S. apples are exported according to the U.S. Apple Association and Mexico is the number one customer.
278,2018-06-11,"Good morning from the WSJ City desks in London. WSJ City is the app that delivers concise, smart news on business and finance for mobile. Download for iPhone or Android. Here’s essential reading on today’s developments. MUST READS FROM WSJ CITY US officials e…"
279,2018-06-09,"Apple’s share repurchases aren’t only a tax-efficient way to return cash to shareholders, but may help boost demand for the stock during a traditionally weak seasonal period."
280,2018-06-09,Wall Street Journal How a School-Shooting Videogame Almost Went on Sale Wall Street Journal A popular videogame-download store lowered its bar last year to make it easier for developers to hawk their creations. It ended up letting in a game that involved shoo…
281,2018-06-08,Wall Street Journal The Score: The Business Week in 7 Stocks Wall Street Journal Newell revealed a $395 million deal Tuesday to sell its Rawlings sporting-goods business to Seidler Equity Partners and Major League Baseball. Rawlings has been MLB's official su…
282,2018-06-08,A federal judge’s verdict this coming week on whether AT&T can acquire Time Warner will shape a much broader drama: a radical reordering of the entertainment business—driven by Netflix—that’s reaching every corner of Hollywood.
283,2018-06-08,"Good afternoon from the WSJ City desks in London. WSJ City is the app that delivers concise, smart news on business and finance for mobile. Download for iPhone or Android. Here’s essential reading on today’s developments. MUST READS FROM WSJ CITY President ca…"
284,2018-06-08,"Wall Street Journal What Regulatory Worries? Global Tech Stocks Reach New Heights Wall Street Journal Just 3.5% of analysts now hold a sell rating on the S&P 500 tech sector, the lowest since 2013, according to FactSet. The largest 20 technology stocks global…"
285,2018-06-08,"Among the companies with shares expected to trade actively in Friday's session are Verizon, Facebook, Broadcom, Apple, Stitch Fix and DocuSign."
286,2018-06-07,"Broadcom’s stock has languished since Qualcomm effort killed, but performance remains solid."
287,2018-06-07,"Audio producers are hooking the next generation of listeners—and their parents—with programs like ‘Chompers,’ a twice-daily, two-minute show that promotes dental hygiene"
288,2018-06-07,"Silicon Valley has an accountability crisis, and at its root is the idolatry of its founder-CEOs, writes Christopher Mims"
289,2018-06-07,"Fabulous, flambéed Steak Diane was the height of midcentury Manhattan chic. Get past the nostalgia and the mystique, and you have a one-pan dish that’s simply delicious."
290,2018-06-07,"Audio producers are attracting the next generation with programs like ‘Chompers’—a twice-daily, two-minute show that coincides with teeth-brushing time"
291,2018-06-07,"Spies are increasingly hacking into the smartphones of political opponents and dissidents around the world, security researchers say, giving them access to data far more sensitive than what most people keep on personal computers."
292,2018-06-06,Voters beaten down by the politicizing of everything voted for the guy who mocks it.
293,2018-06-06,The shift of the Social Security Trust fund into a deficit is the latest factor that will put pressure on the U.S. Treasury market.
294,2018-06-06,"Good morning from the WSJ City desks in London. WSJ City is the app that delivers concise, smart news on business and finance for mobile. Download for iPhone or Android. Here’s essential reading on today’s developments. MUST READS FROM WSJ CITY China offered …"
295,2018-06-06,"Facebook said it struck data partnerships with at least four Chinese electronics firms, including Huawei, which U.S. officials view as a potential tool for state-sponsored spying."
296,2018-06-05,"Apple’s Worldwide Developers Conference didn’t answer one of the biggest questions: What is it doing to make Siri less stupid, while Amazon’s Alexa and Google Assistant are smarter and improving faster?"
297,2018-06-05,"Apple this week took more jabs at Facebook over its privacy practices. But this time the iPhone maker went one step further, signaling it plans to encroach on the social-media company’s turf."
298,2018-06-05,"Among the companies with shares expected to trade actively in Tuesday's session are Starbucks, Twitter, Apple, Bank of America and Wells Fargo."
299,2018-06-05,"Good morning from the WSJ City desks in London. WSJ City is the app that delivers concise, smart news on business and finance for mobile. Download for iPhone or Android. Here’s essential reading on today’s developments. MUST READS FROM WSJ CITY If all you had…"
300,2018-06-05,"In a 2.5-hour keynote, Apple showed some interesting—and not so interesting—features coming to the iPhone and iPad. WSJ's Joanna Stern and David Pierce recap the ones that matter. Photo: Marcio Jose Sanchez/Associated Press"
301,2018-06-04,"After a year filled with bug fixes and heavy user criticism, Apple’s focus at its annual software showcase was on improving existing things rather than introducing new ones. And a few could actually make your life better."
302,2018-06-04,"At its annual developers conference, Apple revealed Screen Time, a new feature that allows users to monitor and limit their app usage on the iPhone and iPad. Photo: Getty Images"
303,2018-06-04,Apple unveiled controls to help people curb the amount of time they spend on iPhones and iPads.
304,2018-06-04,"Wall Street Journal Apple's WWDC 2018 Keynote: What's Next for the iPhone, iPad and Mac Wall Street Journal Apple is holding its annual Worldwide Developers Conference, where this year the company could place as much attention on the quality of its iPhone and…"
305,2018-06-04,"Amazon joins Apple as the only U.S. companies valued above $800 billion, with shares of the e-commerce giant now up 41% on the year."
306,2018-06-04,"Among the companies with shares expected to trade actively in Monday's session are Microsoft, Apple, Alphabet, Facebook, Amazon.com and Micron Technology."
307,2018-06-04,Many value investors have drifted away from the hallmark of the strategy championed by the likes of Benjamin Graham and Warren Buffett: actively picking stocks the market has overlooked.
308,2018-06-03,Executives at Apple Inc.’s annual developers conference Monday have to not only wow the audience with new features but also shore up confidence that Apple can deliver quality software.
309,2018-06-02,"How soccer play-by-play man Andrés Cantor, who is famous for his over-the-top reactions, used strength training to lose 55 pounds."
310,2018-06-02,"What CBS Boardroom Blood Feud Says About TV... (Second column, 6th story, link ) Advertise here"
311,2018-06-01,"Apple has met with Snap, Pinterest and others about participating in an Apple network that would distribute ads across apps."
312,2018-06-01,"It turns out that traders should be  like fishermen, casting their lines when the time is ripe. Doug Ramsey of Leuthold Group, a Minnesotan who keeps track of such things, notes that the fish like to bite in the days surrounding a full moon or new moon and no…"
313,2018-05-31,"The revolutionary Countach sports car, built in a hurry by a trio of 30-somethings with minimal oversight from the boss, offers a counterpoint to the Steve Jobs model of innovation."
314,2018-05-31,"Will Facebook, Google and Amazon be regulated or broken up like Standard Oil and AT&T? It depends on how they grow. ."
315,2018-05-31,"Tech Leaders Head the Management Top 250 Wall Street Journal Amazon was powered to the top of the ranking by its innovation score, but among the top tech companies, its scores in the five categories were among the most uneven. Its score for social responsibil…"
316,2018-05-31,New sweet-smelling products paired with a foolproof routine can combat the odor of a sock-free summer lifestyle.
317,2018-05-31,"Don’t tie yourself down with charger wires. Now a handsome wireless charging pad can juice up your devices at once, whether you’re at home or even on the road"
318,2018-05-31,"Wall Street Journal After a Long Surge, Investors Make the Case Against Chinese Tech Giants Wall Street Journal The unthinkable has happened: Not everyone is overly bullish on big Chinese internet and tech stocks anymore. Two investor presentations at this we…"
319,2018-05-31,"Warren Buffet earlier this year offered to invest $3 billion in Uber, but the two sides couldn’t agree on the terms, according to a person familiar with the matter."
